Index,name,size,type,alignment,ac,hp,cr,speed,swim,climb,fly,burrow,strength,dex,con,intel,wis,cha,legendary
0,aarakocra,2,0,0,12.0,13,0.25,20,0,0,50,0,10,14,10,11,12,11,0
1,abjurer,2,1,1,12.0,84,9.0,30,0,0,0,0,9,14,14,18,12,11,0
2,aboleth,3,2,2,17.0,135,10.0,10,40,0,0,0,21,9,15,18,15,18,1
3,abominable-yeti,4,3,3,15.0,137,9.0,40,0,40,0,0,24,10,22,9,13,9,0
4,acererak,2,4,4,21.0,285,23.0,30,0,0,0,0,13,16,20,27,21,20,0
5,acolyte,2,1,1,10.0,9,0.25,30,0,0,0,0,10,10,10,10,14,11,0
6,adult-black-dragon,4,5,3,19.0,195,14.0,40,40,0,80,0,23,14,21,14,13,17,1
7,adult-blue-dracolich,4,4,2,19.0,225,17.0,40,0,0,80,30,25,10,23,16,15,19,1
8,adult-blue-dragon,4,5,2,19.0,225,16.0,40,0,0,80,30,25,10,23,16,15,19,1
9,adult-brass-dragon,4,5,5,18.0,172,13.0,40,0,0,80,30,23,10,21,14,13,17,1
10,adult-bronze-dragon,4,5,6,19.0,212,15.0,40,40,0,80,0,25,10,23,16,15,19,1
11,adult-copper-dragon,4,5,5,18.0,184,14.0,40,0,40,80,0,23,12,21,18,15,17,1
12,adult-gold-dragon,4,5,6,19.0,256,17.0,40,40,0,80,0,27,14,25,16,15,24,1
13,adult-green-dragon,4,5,2,19.0,207,15.0,40,40,0,80,0,23,12,21,18,15,17,1
14,adult-kruthik,2,3,7,18.0,39,2.0,40,0,40,0,20,15,16,15,7,12,8,0
15,adult-oblex,2,6,2,14.0,75,5.0,20,0,0,0,0,8,19,16,19,12,15,0
16,adult-red-dragon,4,5,3,19.0,256,17.0,40,0,40,80,0,27,10,25,16,13,21,1
17,adult-silver-dragon,4,5,6,19.0,243,16.0,40,0,0,80,0,27,10,25,16,13,21,1
18,adult-white-dragon,4,5,3,18.0,200,13.0,40,40,0,80,30,22,10,22,8,12,12,1
19,air-elemental,3,7,8,15.0,90,5.0,0,0,0,90,0,14,20,14,6,10,6,0
20,air-elemental-myrmidon,2,7,8,18.0,117,7.0,30,0,0,30,0,18,14,14,9,10,10,0
21,albino-dwarf-warrior,2,8,1,13.0,30,0.25,25,0,0,0,0,13,13,17,12,14,11,0
22,aldani,2,3,9,14.0,49,1.0,20,30,0,0,0,13,8,12,10,14,10,0
23,alhoon,2,4,10,15.0,120,10.0,30,0,0,0,0,11,12,16,19,17,17,0
24,alkilith,2,9,3,17.0,157,11.0,40,0,0,0,0,12,19,22,6,11,7,0
25,allip,2,4,4,13.0,40,5.0,0,0,0,40,0,6,17,10,17,15,16,0
26,allosaurus,3,10,7,13.0,51,2.0,60,0,0,0,0,19,13,17,2,12,5,0
27,ambush-drake,2,5,7,13.0,22,0.5,30,0,0,0,0,13,15,14,4,11,6,0
28,amnizu,2,11,2,21.0,202,18.0,30,0,0,40,0,11,13,16,20,12,18,0
29,ancient-black-dragon,5,5,3,22.0,367,21.0,40,40,0,80,0,27,14,25,16,15,19,1
30,ancient-blue-dragon,5,5,2,22.0,481,23.0,40,0,0,80,40,29,10,27,18,17,21,1
31,ancient-brass-dragon,5,5,5,20.0,297,20.0,40,0,0,80,40,27,10,25,16,15,19,1
32,ancient-bronze-dragon,5,5,6,22.0,444,22.0,40,40,0,80,0,29,10,27,18,17,21,1
33,ancient-copper-dragon,5,5,5,21.0,350,21.0,40,0,40,80,0,27,12,25,20,17,19,1
34,ancient-gold-dragon,5,5,6,22.0,546,24.0,40,40,0,80,0,30,14,29,18,17,28,1
35,ancient-green-dragon,5,5,2,21.0,385,22.0,40,40,0,80,0,27,12,25,20,17,19,1
36,ancient-red-dragon,5,5,3,22.0,546,24.0,40,0,40,80,0,30,10,29,18,15,23,1
37,ancient-shadow,2,4,3,13.0,32,1.0,40,0,0,0,0,6,16,14,6,10,8,0
38,ancient-silver-dragon,5,5,6,22.0,487,23.0,40,0,0,80,0,30,10,29,18,15,23,1
39,ancient-white-dragon,5,5,3,20.0,333,20.0,40,40,0,80,40,26,10,26,10,13,14,1
40,androsphinx,3,3,9,17.0,199,17.0,40,0,0,60,0,22,10,20,16,18,23,1
41,animated-armor,2,12,7,18.0,33,1.0,25,0,0,0,0,14,11,13,1,3,1,0
42,ankheg,3,3,7,14.0,39,2.0,30,0,0,0,10,17,11,13,1,13,6,0
43,ankylosaurus,4,10,7,15.0,68,3.0,30,0,0,0,0,19,11,15,2,12,5,0
44,annis-hag,3,13,3,17.0,75,6.0,40,0,0,0,0,21,12,14,13,14,15,0
45,ape,2,10,7,12.0,19,0.5,30,0,30,0,0,16,14,14,6,12,7,0
46,apprentice-wizard,2,1,1,10.0,9,0.25,30,0,0,0,0,10,10,10,14,10,11,0
47,arcanaloth,2,14,4,17.0,104,12.0,30,0,0,30,0,17,12,14,20,16,17,0
48,archdruid,2,1,1,16.0,132,12.0,30,0,0,0,0,10,14,12,12,20,11,0
49,archer,2,1,1,16.0,75,3.0,30,0,0,0,0,11,18,16,11,13,10,0
50,archmage,2,1,1,12.0,99,12.0,30,0,0,0,0,10,14,12,20,15,16,0
51,armanite,3,9,3,16.0,84,7.0,60,0,0,0,0,21,18,21,8,12,13,0
52,assassin,2,1,11,15.0,78,8.0,30,0,0,0,0,11,16,14,13,11,10,0
53,assassin-vine,3,15,7,13.0,85,3.0,5,0,5,0,0,18,10,16,1,10,1,0
54,astral-dreadnought,5,16,7,20.0,297,21.0,15,0,0,80,0,28,7,25,5,14,18,1
55,atropal,4,17,4,7.0,225,13.0,0,0,0,50,0,19,5,22,25,19,24,0
56,aurochs,3,10,7,11.0,38,2.0,50,0,0,0,0,20,10,19,2,12,5,0
57,autumn-eladrin,2,18,12,19.0,127,10.0,30,0,0,0,0,12,16,16,14,17,18,0
58,awakened-shrub,1,15,7,9.0,10,0.0,20,0,0,0,0,3,8,11,10,10,6,0
59,awakened-tree,4,15,7,13.0,59,2.0,20,0,0,0,0,19,6,15,10,10,7,0
60,axe-beak,3,10,7,11.0,19,0.25,50,0,0,0,0,14,12,12,2,10,5,0
61,azer,2,7,9,17.0,39,2.0,30,0,0,0,0,17,12,15,12,13,10,0
62,babau,2,9,3,16.0,82,4.0,40,0,0,0,0,19,16,16,11,12,13,0
63,baboon,1,10,7,12.0,3,0.0,30,0,30,0,0,8,14,11,4,12,6,0
64,badger,0,10,7,10.0,3,0.0,20,0,0,0,5,4,11,12,2,12,5,0
65,bael,3,11,2,18.0,189,19.0,30,0,0,0,0,24,17,20,21,24,24,0
66,balhannoth,3,2,3,17.0,114,11.0,25,0,25,0,0,17,8,18,6,15,8,0
67,balor,4,9,3,19.0,262,19.0,40,0,0,80,0,26,15,22,20,16,22,0
68,banderhobb,3,3,4,15.0,84,5.0,30,0,0,0,0,20,12,20,11,14,8,0
69,bandit,2,1,13,12.0,11,0.125,30,0,0,0,0,11,12,12,10,10,10,0
70,bandit-captain,2,1,13,15.0,65,2.0,30,0,0,0,0,15,16,14,14,11,14,0
71,banshee,2,4,3,12.0,58,4.0,0,0,0,40,0,1,14,10,12,11,17,0
72,baphomet,4,9,3,22.0,275,23.0,40,0,0,0,0,30,14,26,18,24,16,0
73,barbed-devil,2,11,2,15.0,110,5.0,30,0,0,0,0,16,17,18,12,14,14,0
74,bard,2,1,1,15.0,44,2.0,30,0,0,0,0,11,14,12,10,13,14,0
75,barghest,3,19,4,17.0,90,4.0,60,0,0,0,0,19,15,14,13,12,14,0
76,barlgura,3,9,3,15.0,68,5.0,40,0,40,0,0,18,15,16,7,14,9,0
77,basilisk,2,3,7,15.0,52,3.0,20,0,0,0,0,16,8,15,2,8,7,0
78,bat,0,10,7,12.0,1,0.0,5,0,0,30,0,2,15,8,2,12,4,0
79,bearded-devil,2,11,2,13.0,52,3.0,30,0,0,0,0,16,15,15,9,11,11,0
80,behir,4,3,4,17.0,168,11.0,50,0,40,0,0,23,16,18,7,14,12,0
81,beholder,3,2,2,18.0,180,13.0,0,0,0,20,0,10,14,18,17,15,17,1
82,beholder-zombie,3,4,4,15.0,93,5.0,0,0,0,20,0,10,8,16,3,8,5,0
83,belaphoss,4,9,3,19.0,262,20.0,40,0,0,80,0,26,15,22,20,16,22,0
84,berbalang,2,2,4,14.0,38,2.0,30,0,0,40,0,9,16,9,17,11,10,0
85,berserker,2,1,14,13.0,67,2.0,30,0,0,0,0,16,12,17,9,11,9,0
86,bheur-hag,2,13,3,17.0,91,7.0,30,0,0,0,0,13,16,14,12,13,16,0
87,black-abishai,2,11,2,15.0,58,7.0,30,0,0,40,0,14,17,14,13,16,11,0
88,black-bear,2,10,7,11.0,19,0.5,40,0,30,0,0,15,10,14,2,12,7,0
89,black-dragon-wyrmling,2,5,3,17.0,33,2.0,30,30,0,60,0,15,14,13,10,11,13,0
90,black-gauntlet-of-bane,2,20,2,16.0,51,6.0,30,0,0,0,0,18,11,18,12,15,18,0
91,black-pudding,3,6,7,7.0,85,4.0,20,0,20,0,0,16,5,16,1,6,1,0
92,blackguard,2,1,11,18.0,153,8.0,30,0,0,0,0,18,11,18,11,14,15,0
93,blink-dog,2,13,6,13.0,22,0.25,40,0,0,0,0,12,17,12,10,13,11,0
94,blood-hawk,1,10,7,12.0,7,0.125,10,0,0,60,0,6,14,10,3,14,5,0
95,blue-abishai,2,11,2,19.0,195,17.0,30,0,0,50,0,15,14,17,22,23,18,0
96,blue-dragon-wyrmling,2,5,2,17.0,52,3.0,30,0,0,60,15,17,10,15,12,11,15,0
97,blue-slaad,3,2,12,15.0,123,7.0,30,0,0,0,0,20,15,18,7,7,9,0
98,boar,2,10,7,11.0,11,0.25,40,0,0,0,0,13,11,12,2,9,5,0
99,bodak,2,4,3,15.0,58,6.0,30,0,0,0,0,15,16,15,7,12,12,0
100,boggle,1,13,12,14.0,18,0.125,30,0,30,0,0,8,18,13,6,12,7,0
101,bone-devil,3,11,2,19.0,142,9.0,40,0,0,40,0,18,16,18,13,14,16,0
102,bone-naga,3,4,2,15.0,58,4.0,30,0,0,0,0,15,16,12,15,15,16,0
103,boneclaw,3,4,3,16.0,127,12.0,40,0,0,0,0,19,16,15,13,15,9,0
104,brass-dragon-wyrmling,2,5,5,16.0,16,1.0,30,0,0,60,15,15,10,13,10,11,13,0
105,brontosaurus,5,10,7,15.0,121,5.0,30,0,0,0,0,21,9,17,2,10,7,0
106,bronze-dragon-wyrmling,2,5,6,17.0,32,2.0,30,30,0,60,0,17,10,15,12,11,15,0
107,brown-bear,3,10,7,11.0,34,1.0,40,0,30,0,0,19,10,16,2,13,7,0
108,bugbear,2,21,3,16.0,27,1.0,30,0,0,0,0,15,14,13,8,11,9,0
109,bugbear-chief,2,21,3,17.0,65,3.0,30,0,0,0,0,17,14,14,11,12,11,0
110,bulette,3,3,7,17.0,94,5.0,40,0,0,0,40,19,11,21,2,10,5,0
111,bulezau,2,9,3,14.0,52,3.0,40,0,0,0,0,15,14,17,8,9,6,0
112,bullywug,2,22,4,15.0,11,0.25,20,40,0,0,0,12,12,13,7,10,7,0
113,cadaver-collector,3,12,2,17.0,189,14.0,30,0,0,0,0,21,14,20,5,11,8,0
114,cambion,2,23,10,19.0,82,5.0,30,0,0,60,0,18,18,16,14,12,16,0
115,camel,3,10,7,9.0,15,0.125,50,0,0,0,0,16,8,14,2,8,5,0
116,canoloth,2,14,4,16.0,120,8.0,50,0,0,0,0,18,10,17,5,17,12,0
117,carrion-crawler,3,3,7,13.0,51,2.0,30,0,30,0,0,14,13,16,1,12,5,0
118,cat,0,10,7,12.0,2,0.0,40,0,30,0,0,3,15,10,3,12,7,0
119,catoblepas,3,3,7,14.0,84,5.0,30,0,0,0,0,19,12,21,3,14,8,0
120,cave-fisher,2,3,7,16.0,58,3.0,20,0,20,0,0,16,13,14,3,10,3,0
121,centaur,3,3,0,12.0,45,2.0,50,0,0,0,0,18,14,14,9,13,11,0
122,chain-devil,2,11,2,16.0,85,8.0,30,0,0,0,0,18,15,18,11,12,14,0
123,champion,2,1,1,18.0,143,9.0,30,0,0,0,0,20,15,14,10,14,12,0
124,chasme,3,9,3,15.0,84,6.0,20,0,0,60,0,15,15,12,11,14,10,0
125,chimera,3,3,3,14.0,114,6.0,30,0,0,60,0,19,11,19,3,14,10,0
126,chitine,1,3,3,14.0,18,0.5,30,0,30,0,0,10,14,12,10,10,7,0
127,choker,1,2,3,16.0,13,1.0,30,0,0,0,0,16,14,13,4,12,7,0
128,choldrith,2,3,3,15.0,66,3.0,30,0,30,0,0,12,16,12,11,14,10,0
129,chuul,3,2,3,16.0,93,4.0,30,30,0,0,0,19,10,16,5,11,5,0
130,clay-golem,3,12,7,14.0,133,9.0,20,0,0,0,0,20,9,18,3,8,1,0
131,cloaker,3,2,12,14.0,78,8.0,10,0,0,40,0,17,15,12,13,12,14,0
132,cloud-giant,4,24,15,14.0,200,9.0,40,0,0,0,0,27,10,22,12,16,16,0
133,cloud-giant-smiling-one,4,25,12,15.0,262,11.0,40,0,0,0,0,26,12,22,15,16,17,0
134,cockatrice,1,3,7,11.0,27,0.5,20,0,0,40,0,6,12,12,2,13,5,0
135,commoner,2,1,1,10.0,4,0.0,30,0,0,0,0,10,10,10,10,10,10,0
136,conjurer,2,1,1,12.0,40,6.0,30,0,0,0,0,9,14,11,17,12,11,0
137,constrictor-snake,3,10,7,12.0,13,0.25,30,30,0,0,0,15,14,12,1,10,3,0
138,copper-dragon-wyrmling,2,5,5,16.0,22,1.0,30,0,30,60,0,15,12,13,14,11,13,0
139,corpse-flower,3,15,3,12.0,127,8.0,20,0,20,0,0,14,14,16,7,15,3,0
140,couatl,2,26,6,19.0,97,4.0,30,0,0,90,0,16,20,17,18,20,18,0
141,cow,3,10,7,10.0,15,0.25,30,0,0,0,0,18,10,14,2,10,4,0
142,crab,0,10,7,11.0,2,0.0,20,20,0,0,0,2,11,10,1,8,2,0
143,crag-cat,3,3,7,13.0,34,1.0,40,0,30,0,0,16,17,16,4,14,8,0
144,cranium-rat,0,10,2,12.0,2,0.0,30,0,0,0,0,2,14,10,4,11,8,0
145,crawling-claw,0,4,4,12.0,2,0.0,20,0,20,0,0,13,14,11,5,10,4,0
146,crocodile,3,10,7,12.0,19,0.5,20,30,0,0,0,15,10,13,2,10,5,0
147,crokek-toeck,5,9,3,15.0,297,14.0,60,60,0,0,0,28,10,24,6,10,13,0
148,cult-fanatic,2,1,11,13.0,33,2.0,30,0,0,0,0,11,14,12,10,13,14,0
149,cultist,2,1,11,12.0,9,0.125,30,0,0,0,0,11,12,10,10,11,10,0
150,cyclops,4,24,12,14.0,138,6.0,30,0,0,0,0,22,11,20,8,6,10,0
151,dao,3,7,4,18.0,187,11.0,30,0,0,30,30,23,12,24,12,13,14,0
152,darkling,1,13,12,14.0,13,0.5,30,0,0,0,0,9,16,12,10,12,10,0
153,darkling-elder,2,13,12,15.0,27,2.0,30,0,0,0,0,13,17,12,10,14,13,0
154,darkmantle,1,3,7,11.0,22,0.5,10,0,0,30,0,16,12,13,2,10,5,0
155,death-dog,2,3,4,12.0,39,1.0,40,0,0,0,0,15,14,14,3,13,6,0
156,death-kiss,3,2,4,16.0,161,10.0,0,0,0,30,0,18,14,18,10,12,10,0
157,death-knight,2,4,3,20.0,180,17.0,30,0,0,0,0,20,11,20,12,16,18,0
158,death-slaad,2,27,3,18.0,170,10.0,30,0,0,0,0,20,15,19,15,10,16,0
159,death-tyrant,3,4,2,19.0,187,14.0,0,0,0,20,0,10,14,14,19,15,19,1
160,death-s-head-of-bhaal,2,20,3,15.0,76,5.0,50,0,0,0,0,20,20,20,14,13,16,0
161,deathlock,2,4,4,12.0,36,4.0,30,0,0,0,0,11,15,10,14,12,16,0
162,deathlock-mastermind,2,4,4,13.0,110,8.0,30,0,0,0,0,11,16,12,15,12,17,0
163,deathlock-wight,2,4,4,12.0,37,3.0,30,0,0,0,0,11,14,16,12,14,16,0
164,deep-gnome-svirfneblin,1,28,0,15.0,16,0.5,20,0,0,0,0,15,14,14,12,10,9,0
165,deep-scion,2,29,4,11.0,67,3.0,30,40,0,0,0,18,13,16,10,12,14,0
166,deer,2,10,7,13.0,4,0.0,50,0,0,0,0,11,16,11,2,14,5,0
167,deinonychus,2,10,7,13.0,26,1.0,40,0,0,0,0,15,15,14,4,12,6,0
168,demilich,0,4,4,20.0,80,18.0,0,0,0,30,0,1,20,10,20,17,20,1
169,demogorgon,4,9,3,22.0,406,26.0,50,50,0,0,0,29,14,26,20,17,25,0
170,derro,1,30,3,13.0,13,0.25,30,0,0,0,0,10,14,12,11,5,9,0
171,derro-savant,1,30,3,13.0,36,3.0,30,0,0,0,0,9,14,12,11,5,14,0
172,deva,2,26,6,17.0,136,10.0,30,0,0,90,0,18,18,18,17,20,20,0
173,devilroot,2,15,4,15.0,105,7.0,30,0,0,0,0,17,11,17,12,14,14,0
174,devourer,3,23,3,16.0,178,13.0,30,0,0,0,0,20,12,20,13,10,16,0
175,dhergoloth,2,14,4,15.0,119,7.0,30,0,0,0,0,17,10,19,7,10,9,0
176,dimetrodon,2,10,7,12.0,19,0.25,30,20,0,0,0,14,10,15,2,10,5,0
177,dire-troll,4,24,3,15.0,172,13.0,40,0,0,0,0,22,15,21,9,11,5,0
178,dire-wolf,3,10,7,14.0,37,1.0,50,0,0,0,0,17,15,15,3,12,7,0
179,displacer-beast,3,3,2,13.0,85,3.0,40,0,0,0,0,18,15,16,6,12,8,0
180,diviner,2,1,1,12.0,67,8.0,30,0,0,0,0,9,14,11,18,12,11,0
181,djinni,3,7,5,17.0,161,11.0,30,0,0,90,0,21,15,22,15,16,20,0
182,dolphin,2,10,7,12.0,11,0.125,0,60,0,0,0,14,13,13,6,12,7,0
183,doppelganger,2,31,8,14.0,52,3.0,30,0,0,0,0,11,18,14,11,12,14,0
184,draegloth,3,9,3,15.0,123,7.0,30,0,0,0,0,20,15,18,13,11,11,0
185,draft-horse,3,10,7,10.0,19,0.25,40,0,0,0,0,18,10,12,2,11,7,0
186,dragon-turtle,5,5,8,20.0,341,17.0,20,40,0,0,0,25,10,20,10,12,12,0
187,dragonbait,2,32,6,17.0,120,5.0,30,0,0,0,0,15,13,17,14,16,18,0
188,dretch,1,9,3,11.0,18,0.25,20,0,0,0,0,11,11,12,5,8,3,0
189,drider,3,3,3,19.0,123,6.0,30,0,30,0,0,16,16,18,13,14,12,0
190,drow,2,33,4,15.0,13,0.25,30,0,0,0,0,10,14,10,11,11,12,0
191,drow-arachnomancer,2,33,3,15.0,162,13.0,30,0,30,0,0,11,17,14,19,14,16,0
192,drow-elite-warrior,2,33,4,18.0,71,5.0,30,0,0,0,0,13,18,14,11,13,12,0
193,drow-favored-consort,2,33,4,15.0,225,18.0,30,0,0,0,0,15,20,16,18,15,18,0
194,drow-house-captain,2,33,4,16.0,162,9.0,30,0,0,0,0,14,19,15,12,14,13,0
195,drow-inquisitor,2,33,4,16.0,143,14.0,30,0,0,0,0,11,15,14,16,21,20,0
196,drow-mage,2,33,4,12.0,45,7.0,30,0,0,0,0,9,14,10,17,13,12,0
197,drow-matron-mother,2,33,4,17.0,262,20.0,30,0,0,0,0,12,18,16,17,21,22,0
198,drow-priestress-of-lolth,2,33,4,16.0,71,8.0,30,0,0,0,0,10,14,12,13,17,18,0
199,drow-shadowblade,2,33,4,17.0,150,11.0,30,0,0,0,0,14,21,16,12,14,13,0
200,druid,2,1,1,11.0,27,2.0,30,0,0,0,0,10,12,13,12,15,11,0
201,dryad,2,13,8,11.0,22,1.0,30,0,0,0,0,10,12,11,14,15,18,0
202,duergar,2,8,2,16.0,26,1.0,25,0,0,0,0,14,11,14,11,10,9,0
203,duergar-despot,2,8,2,21.0,119,12.0,25,0,0,0,0,20,5,19,15,14,13,0
204,duergar-kavalrachni,2,8,2,16.0,26,2.0,25,0,0,0,0,14,11,14,11,10,9,0
205,duergar-mind-master,2,8,2,14.0,39,2.0,25,0,0,0,0,11,17,14,15,10,12,0
206,duergar-soulblade,2,8,2,14.0,18,1.0,25,0,0,0,0,11,16,10,11,10,12,0
207,duergar-stone-guard,2,8,2,18.0,39,2.0,25,0,0,0,0,18,11,14,11,10,9,0
208,duergar-warlord,2,8,2,20.0,75,6.0,25,0,0,0,0,18,11,17,12,12,14,0
209,duergar-xarrorn,2,8,2,18.0,26,2.0,25,0,0,0,0,16,11,14,11,10,9,0
210,duodrone,2,12,9,15.0,11,0.25,30,0,0,0,0,11,13,12,6,10,7,0
211,dust-mephit,1,7,4,12.0,17,0.5,30,0,0,30,0,5,14,10,9,11,10,0
212,dybbuk,2,9,3,14.0,37,4.0,0,0,0,40,0,6,19,16,16,15,14,0
213,eagle,1,10,7,12.0,3,0.0,10,0,0,60,0,6,15,10,2,14,7,0
214,earth-elemental,3,7,8,17.0,126,5.0,30,0,0,0,30,20,8,20,5,10,5,0
215,earth-elemental-myrmidon,2,7,8,18.0,127,7.0,30,0,0,0,0,18,10,17,8,10,10,0
216,eblis,3,3,4,13.0,26,1.0,30,0,0,40,0,11,16,12,12,14,11,0
217,efreeti,3,7,2,17.0,200,11.0,40,0,0,60,0,22,12,24,16,15,16,0
218,eidolon,2,4,1,9.0,63,12.0,0,0,0,40,0,7,8,9,14,19,16,0
219,elder-brain,3,2,2,10.0,210,14.0,5,10,0,0,0,15,10,20,21,19,24,1
220,elder-oblex,4,6,2,16.0,115,10.0,20,0,0,0,0,15,16,21,22,13,18,0
221,elder-tempest,5,7,8,19.0,264,23.0,0,0,0,120,0,23,28,23,2,21,18,0
222,elephant,4,10,7,12.0,76,4.0,40,0,0,0,0,22,9,17,3,11,6,0
223,elk,3,10,7,10.0,13,0.25,50,0,0,0,0,16,10,12,2,10,6,0
224,empyrean,4,34,16,22.0,313,23.0,50,50,0,50,0,30,21,30,21,22,27,1
225,enchanter,2,1,1,12.0,40,5.0,30,0,0,0,0,9,14,11,17,12,11,0
226,erinyes,2,11,2,18.0,153,12.0,30,0,0,60,0,18,16,18,14,14,18,0
227,ettercap,2,3,4,13.0,44,2.0,30,0,30,0,0,14,15,13,7,12,8,0
228,ettin,3,24,3,12.0,85,4.0,40,0,0,0,0,21,8,17,6,10,8,0
229,evoker,2,1,1,12.0,66,9.0,30,0,0,0,0,9,14,12,17,12,11,0
230,expert-lvl-1,2,1,1,14.0,11,0.0,30,0,0,0,0,10,15,12,13,10,14,0
231,expert-lvl-2,2,1,1,14.0,16,0.0,30,0,0,0,0,10,15,12,13,10,14,0
232,expert-lvl-3,2,1,1,14.0,22,0.0,30,0,0,0,0,10,15,12,13,10,14,0
233,expert-lvl-4,2,1,1,14.0,27,0.0,30,0,0,0,0,10,17,12,13,10,14,0
234,expert-lvl-5,2,1,1,14.0,33,0.0,30,0,0,0,0,10,17,12,13,10,14,0
235,expert-lvl-6,2,1,1,14.0,38,0.0,30,0,0,0,0,10,17,12,13,10,14,0
236,faerie-dragon,0,5,5,15.0,14,1.0,10,0,0,60,0,3,20,13,14,12,16,0
237,female-steeder,3,3,7,14.0,30,1.0,30,0,30,0,0,15,16,14,2,10,3,0
238,fire-elemental,3,7,8,13.0,102,5.0,50,0,0,0,0,10,17,16,6,10,7,0
239,fire-elemental-myrmidon,2,7,8,18.0,123,7.0,40,0,0,0,0,13,18,15,9,10,10,0
240,fire-giant,4,24,2,18.0,162,9.0,30,0,0,0,0,25,9,23,10,14,13,0
241,fire-giant-dreadnought,4,35,2,21.0,187,14.0,30,0,0,0,0,27,9,23,8,10,11,0
242,fire-snake,2,7,4,14.0,22,1.0,30,0,0,0,0,12,14,11,7,10,8,0
243,firenewt-warlock-of-imix,2,36,4,10.0,33,1.0,30,0,0,0,0,13,11,12,9,11,14,0
244,firenewt-warrior,2,36,4,16.0,22,0.5,30,0,0,0,0,10,13,12,7,11,8,0
245,fist-of-bane,2,20,2,18.0,22,0.5,30,0,0,0,0,16,11,13,10,12,11,0
246,flail-snail,3,7,7,16.0,52,3.0,10,0,0,0,0,17,5,20,3,10,5,0
247,flameskull,0,4,4,13.0,40,4.0,0,0,0,40,0,1,17,14,16,10,11,0
248,flesh-golem,2,12,8,9.0,93,5.0,30,0,0,0,0,19,9,18,6,10,5,0
249,flind,2,37,3,16.0,127,9.0,30,0,0,0,0,20,10,19,11,13,12,0
250,flumph,1,2,6,12.0,7,0.125,5,0,0,30,0,6,15,10,14,14,11,0
251,flying-snake,0,10,7,14.0,5,0.125,30,30,0,60,0,4,18,11,2,12,5,0
252,flying-sword,1,12,7,17.0,17,0.25,0,0,0,50,0,12,15,11,1,5,1,0
253,fomorian,4,24,3,14.0,149,8.0,30,0,0,0,0,23,10,20,9,14,6,0
254,fraz-urb-luu,3,9,3,18.0,337,23.0,40,0,0,40,0,29,12,25,26,24,26,0
255,frog,0,10,7,11.0,1,0.0,20,20,0,0,0,1,13,8,1,8,3,0
256,froghemoth,4,3,7,14.0,184,10.0,30,30,0,0,0,23,13,20,2,12,5,0
257,frost-giant,4,24,4,15.0,138,8.0,40,0,0,0,0,23,9,21,9,10,12,0
258,frost-giant-everlasting-one,4,38,3,15.0,189,12.0,40,0,0,0,0,25,9,24,9,10,12,0
259,frost-salamander,4,7,7,17.0,168,9.0,60,0,40,0,40,20,12,18,7,11,7,0
260,galeb-duhr,2,7,8,16.0,85,6.0,15,0,0,0,0,20,14,20,11,12,11,0
261,gargoyle,2,7,3,15.0,52,2.0,30,0,0,60,0,15,11,16,6,11,7,0
262,gas-spore,3,15,7,5.0,1,0.5,0,0,0,10,0,5,1,3,1,1,1,0
263,gauth,2,2,2,15.0,67,6.0,0,0,0,20,0,10,14,16,15,15,13,0
264,gazer,0,2,4,13.0,13,0.5,0,0,0,30,0,3,17,14,3,10,7,0
265,gelatinous-cube,3,6,7,6.0,84,2.0,15,0,0,0,0,14,3,20,1,6,1,0
266,geryon,4,11,2,19.0,300,22.0,30,0,0,50,0,29,17,22,19,16,23,0
267,ghast,2,4,3,13.0,36,2.0,30,0,0,0,0,16,17,10,11,10,8,0
268,ghost,2,4,1,11.0,45,4.0,0,0,0,40,0,7,13,10,10,12,17,0
269,ghoul,2,4,3,12.0,22,1.0,30,0,0,0,0,13,15,10,7,10,6,0
270,giant-ape,4,10,7,12.0,157,7.0,40,0,40,0,0,23,14,18,7,12,7,0
271,giant-badger,2,10,7,10.0,13,0.25,30,0,0,0,10,13,10,15,2,12,5,0
272,giant-bat,3,10,7,13.0,22,0.25,10,0,0,60,0,15,16,11,2,12,6,0
273,giant-boar,3,10,7,12.0,42,2.0,40,0,0,0,0,17,10,16,2,7,5,0
274,giant-centipede,1,10,7,13.0,4,0.25,30,0,30,0,0,5,14,12,1,7,3,0
275,giant-constrictor-snake,4,10,7,12.0,60,2.0,30,30,0,0,0,19,14,12,1,10,3,0
276,giant-crab,2,10,7,15.0,13,0.125,30,30,0,0,0,13,15,11,1,9,3,0
277,giant-crocodile,4,10,7,14.0,85,5.0,30,50,0,0,0,21,9,17,2,10,7,0
278,giant-eagle,3,10,0,13.0,26,1.0,10,0,0,80,0,16,17,13,8,14,10,0
279,giant-elk,4,10,7,14.0,42,2.0,60,0,0,0,0,19,16,14,7,14,10,0
280,giant-fire-beetle,1,10,7,13.0,4,0.0,30,0,0,0,0,8,10,12,1,7,3,0
281,giant-four-armed-gargoyle,3,7,3,17.0,147,10.0,30,0,0,60,0,19,11,20,6,11,9,0
282,giant-frog,2,10,7,11.0,18,0.25,30,30,0,0,0,12,13,11,2,10,3,0
283,giant-goat,3,10,7,11.0,19,0.5,40,0,0,0,0,17,11,12,3,12,6,0
284,giant-hyena,3,10,7,12.0,45,1.0,50,0,0,0,0,16,14,14,2,12,7,0
285,giant-lizard,3,10,7,12.0,19,0.25,30,0,30,0,0,15,12,13,2,10,5,0
286,giant-octopus,3,10,7,11.0,52,1.0,10,60,0,0,0,17,13,13,4,10,4,0
287,giant-owl,3,10,8,12.0,19,0.25,5,0,0,60,0,13,15,12,8,13,10,0
288,giant-poisonous-snake,2,10,7,14.0,11,0.25,30,30,0,0,0,10,18,13,2,10,3,0
289,giant-rat,1,10,7,12.0,7,0.125,30,0,0,0,0,7,15,11,2,10,4,0
290,giant-scorpion,3,10,7,15.0,52,3.0,40,0,0,0,0,15,13,15,1,9,3,0
291,giant-sea-horse,3,10,7,13.0,16,0.5,0,40,0,0,0,12,15,11,2,12,5,0
292,giant-shark,4,10,7,13.0,126,5.0,0,50,0,0,0,23,11,21,1,10,5,0
293,giant-spider,3,10,7,14.0,26,1.0,30,0,30,0,0,14,16,12,2,11,4,0
294,giant-strider,3,3,4,14.0,22,1.0,50,0,0,0,0,18,13,14,4,12,6,0
295,giant-toad,3,10,7,11.0,39,1.0,20,40,0,0,0,15,13,13,2,10,3,0
296,giant-two-headed-goat,3,10,7,11.0,19,0.5,40,0,0,0,0,17,11,12,3,12,6,0
297,giant-vulture,3,10,4,10.0,22,1.0,10,0,0,60,0,15,10,15,6,12,7,0
298,giant-wasp,2,10,7,12.0,13,0.5,10,0,0,50,0,10,14,10,1,10,3,0
299,giant-weasel,2,10,7,13.0,9,0.125,40,0,0,0,0,11,16,10,4,12,5,0
300,giant-wolf-spider,2,10,7,13.0,11,0.25,40,0,40,0,0,12,16,13,3,12,4,0
301,gibbering-mouther,2,2,8,9.0,67,2.0,10,10,0,0,0,10,8,16,3,10,6,0
302,giff,2,39,9,16.0,60,3.0,30,0,0,0,0,18,14,17,11,12,12,0
303,girallon,3,3,7,13.0,59,4.0,40,0,40,0,0,18,16,16,5,12,7,0
304,githyanki-gish,2,40,2,17.0,123,10.0,30,0,0,0,0,17,15,14,16,15,16,0
305,githyanki-kith--rak,2,40,2,18.0,180,12.0,30,0,0,0,0,18,16,17,16,15,17,0
306,githyanki-knight,2,40,2,18.0,91,8.0,30,0,0,0,0,16,14,15,14,14,15,0
307,githyanki-supreme-commander,2,40,2,18.0,187,14.0,30,0,0,0,0,19,17,18,16,16,18,0
308,githyanki-warrior,2,40,2,17.0,49,3.0,30,0,0,0,0,15,14,12,13,13,10,0
309,githzerai-anarch,2,40,9,20.0,144,16.0,30,0,0,40,0,16,21,18,18,20,14,0
310,githzerai-enlightned,2,40,9,18.0,112,10.0,30,0,0,0,0,14,19,16,17,19,13,0
311,githzerai-monk,2,40,9,14.0,38,2.0,30,0,0,0,0,12,15,12,13,14,10,0
312,githzerai-zerth,2,40,9,17.0,84,6.0,30,0,0,0,0,13,18,15,16,17,12,0
313,glabrezu,3,9,3,17.0,157,9.0,40,0,0,0,0,20,15,21,19,17,16,0
314,gladiator,2,1,1,16.0,112,5.0,30,0,0,0,0,18,15,16,10,12,15,0
315,gloom-weaver,2,33,8,14.0,104,9.0,30,0,0,0,0,11,18,14,15,12,18,0
316,gnoll,2,37,3,15.0,22,0.5,30,0,0,0,0,14,12,11,6,10,7,0
317,gnoll-fang-of-yeenoghu,2,41,3,14.0,65,4.0,30,0,0,0,0,17,15,15,10,11,13,0
318,gnoll-flesh-gnawer,2,37,3,14.0,22,1.0,30,0,0,0,0,12,14,12,8,10,8,0
319,gnoll-hunter,2,37,3,13.0,22,0.5,30,0,0,0,0,14,14,12,8,12,8,0
320,gnoll-pack-lord,2,37,3,15.0,49,2.0,30,0,0,0,0,16,14,13,8,11,9,0
321,gnoll-witherling,2,4,3,12.0,11,0.25,30,0,0,0,0,14,8,12,5,5,5,0
322,goat,2,10,7,10.0,4,0.0,40,0,0,0,0,12,10,11,2,10,5,0
323,goblin,1,21,4,15.0,7,0.25,30,0,0,0,0,8,14,10,10,8,8,0
324,goblin-boss,1,21,4,17.0,21,1.0,30,0,0,0,0,10,14,10,10,8,10,0
325,gold-dragon-wyrmling,2,5,6,17.0,60,3.0,30,30,0,60,0,19,14,17,14,11,16,0
326,gorgon,3,3,7,19.0,114,5.0,40,0,0,0,0,20,11,18,2,12,7,0
327,goristro,4,9,3,19.0,310,17.0,40,0,0,0,0,25,11,25,6,13,14,0
328,gray-ooze,2,6,7,8.0,22,0.5,10,0,10,0,0,12,6,16,1,6,2,0
329,gray-render,3,3,12,19.0,189,12.0,30,0,0,0,0,19,13,20,3,6,8,0
330,gray-slaad,2,27,12,18.0,127,9.0,30,0,0,0,0,17,17,16,13,8,14,0
331,graz-zt,3,42,3,20.0,346,24.0,40,0,0,0,0,22,15,21,23,21,26,0
332,green-abishai,2,11,2,18.0,187,15.0,30,0,0,40,0,12,17,16,17,12,19,0
333,green-dragon-wyrmling,2,5,2,17.0,38,2.0,30,30,0,60,0,15,12,13,14,11,13,0
334,green-hag,2,13,4,17.0,82,3.0,30,0,0,0,0,18,12,16,13,14,14,0
335,green-slaad,3,27,12,16.0,127,8.0,30,0,0,0,0,18,15,16,11,8,12,0
336,grell,2,2,4,12.0,55,3.0,10,0,0,30,0,15,14,13,12,11,9,0
337,grick,2,3,8,14.0,27,2.0,30,0,30,0,0,14,14,11,3,14,5,0
338,grick-alpha,3,3,8,18.0,75,7.0,30,0,30,0,0,18,16,15,4,14,9,0
339,griffon,3,3,7,12.0,59,2.0,30,0,0,80,0,18,15,16,2,13,8,0
340,grimlock,2,43,4,11.0,11,0.25,30,0,0,0,0,16,12,12,9,8,6,0
341,grung,1,44,2,12.0,11,0.25,25,0,25,0,0,7,14,15,10,11,10,0
342,grung-elite-warrior,1,44,2,13.0,49,2.0,25,0,25,0,0,7,16,15,10,11,12,0
343,grung-wildling,1,44,2,13.0,27,1.0,25,0,25,0,0,7,16,15,10,15,11,0
344,guard,2,1,1,16.0,11,0.125,30,0,0,0,0,13,12,12,10,11,10,0
345,guard-drake,2,5,7,14.0,52,2.0,30,0,0,0,0,16,11,16,4,10,7,0
346,guardian-naga,3,3,6,18.0,127,10.0,40,0,0,0,0,19,18,16,16,19,18,0
347,gynosphinx,3,3,9,17.0,136,11.0,40,0,0,60,0,18,15,16,18,18,18,1
348,halaster-blackcloak,2,20,3,14.0,246,23.0,30,0,0,0,0,10,18,18,24,18,18,0
349,half-ogre,3,24,14,12.0,30,1.0,30,0,0,0,0,17,10,14,7,9,10,0
350,half-red-dragon-veteran,2,20,1,18.0,65,5.0,30,0,0,0,0,16,13,14,10,11,10,0
351,harpy,2,3,3,11.0,38,1.0,20,0,0,40,0,12,13,12,7,10,13,0
352,hawk,0,10,7,13.0,1,0.0,10,0,0,60,0,5,16,8,2,14,6,0
353,hell-hound,2,23,2,15.0,45,3.0,50,0,0,0,0,17,12,14,6,13,6,0
354,hellfire-engine,4,12,2,18.0,216,16.0,40,0,0,0,0,20,16,24,2,10,1,0
355,hellwasp,3,23,2,19.0,52,5.0,10,0,0,60,0,18,15,12,10,10,7,0
356,helmed-horror,2,12,8,20.0,60,4.0,30,0,0,30,0,18,13,16,10,10,10,0
357,hezrou,3,9,3,16.0,136,8.0,30,0,0,0,0,19,17,20,5,12,13,0
358,hill-giant,4,24,3,13.0,105,5.0,40,0,0,0,0,21,8,19,5,9,6,0
359,hippogriff,3,3,7,11.0,19,1.0,40,0,0,60,0,17,13,13,2,12,8,0
360,hobgoblin,2,21,2,18.0,11,0.5,30,0,0,0,0,13,12,12,10,10,9,0
361,hobgoblin-captain,2,21,2,17.0,39,3.0,30,0,0,0,0,15,14,14,12,10,13,0
362,hobgoblin-devastator,2,21,2,13.0,45,4.0,30,0,0,0,0,13,12,14,16,13,11,0
363,hobgoblin-iron-shadow,2,21,2,15.0,32,2.0,40,0,0,0,0,14,16,15,14,15,11,0
364,hobgoblin-warlord,2,21,2,20.0,97,6.0,30,0,0,0,0,16,14,16,14,11,15,0
365,homunculus,0,12,8,13.0,5,0.0,20,0,0,40,0,4,15,11,10,10,7,0
366,hook-horror,3,3,8,15.0,75,3.0,30,0,30,0,0,18,10,15,6,12,7,0
367,horned-devil,3,11,2,18.0,178,11.0,20,0,0,60,0,22,17,21,12,16,17,0
368,howler,3,23,3,16.0,90,8.0,40,0,0,0,0,17,16,15,5,20,6,0
369,hulking-crab,4,10,7,17.0,76,5.0,20,30,0,0,0,19,8,16,3,11,3,0
370,hunter-shark,3,10,7,12.0,45,2.0,0,40,0,0,0,18,13,15,1,10,4,0
371,hutijin,3,11,2,19.0,200,21.0,30,0,0,60,0,27,15,25,23,19,25,0
372,hydra,4,3,7,15.0,172,8.0,30,30,0,0,0,20,12,20,2,10,7,0
373,hydroloth,2,14,4,15.0,135,9.0,20,40,0,0,0,12,21,16,19,10,14,0
374,hyena,2,10,7,11.0,5,0.0,50,0,0,0,0,11,13,12,2,12,5,0
375,ice-devil,3,11,2,18.0,180,14.0,40,0,0,0,0,21,14,18,18,15,18,0
376,ice-mephit,1,7,4,11.0,21,0.5,30,0,0,30,0,7,13,10,9,11,12,0
377,ice-toad,2,3,8,12.0,32,1.0,30,30,0,0,0,13,10,14,8,10,6,0
378,illusionist,2,1,1,12.0,38,3.0,30,0,0,0,0,9,14,13,16,11,12,0
379,imix,4,7,4,17.0,325,19.0,50,0,0,50,0,19,24,22,15,16,23,0
380,imp,0,45,2,13.0,10,1.0,20,0,0,40,0,6,17,13,11,12,14,0
381,intellect-devourer,0,2,2,12.0,21,2.0,40,0,0,0,0,6,14,13,12,11,10,0
382,invisible-stalker,2,7,8,14.0,104,6.0,50,0,0,50,0,16,19,14,10,15,11,0
383,iron-cobra,2,12,7,13.0,45,4.0,30,0,0,0,0,12,16,14,3,10,1,0
384,iron-consul,2,20,2,16.0,45,2.0,30,0,0,0,0,17,11,16,12,15,16,0
385,iron-golem,3,12,7,20.0,210,16.0,30,0,0,0,0,24,9,20,3,11,1,0
386,jackal,1,10,7,12.0,3,0.0,40,0,0,0,0,8,15,11,3,12,6,0
387,jackalwere,2,29,3,12.0,18,0.5,40,0,0,0,0,11,15,11,13,11,10,0
388,jaculi,3,10,7,14.0,16,0.5,30,0,20,0,0,15,14,11,2,8,3,0
389,jarlaxle-baenre,2,33,12,24.0,123,15.0,30,0,0,0,0,12,22,14,20,16,19,0
390,juiblex,4,9,3,18.0,350,23.0,30,0,0,0,0,24,10,23,20,20,16,0
391,kamadan,3,3,7,13.0,67,4.0,30,0,0,0,0,16,16,14,3,14,10,0
392,kenku,2,46,12,13.0,13,0.25,30,0,0,0,0,10,16,10,11,10,10,0
393,ki-rin,4,26,6,20.0,152,12.0,60,0,0,120,0,21,16,16,19,20,20,1
394,killer-whale,4,10,7,12.0,90,3.0,0,60,0,0,0,19,10,13,3,12,7,0
395,knight,2,1,1,18.0,52,3.0,30,0,0,0,0,16,11,14,11,11,15,0
396,kobold,1,47,2,12.0,5,0.125,30,0,0,0,0,7,15,9,8,7,8,0
397,kobold-dragonshield,1,47,2,15.0,44,1.0,20,0,0,0,0,12,15,14,8,9,10,0
398,kobold-inventor,1,47,2,12.0,13,0.25,30,0,0,0,0,7,15,12,8,7,8,0
399,kobold-scale-sorcerer,1,47,2,15.0,27,1.0,30,0,0,0,0,7,15,14,10,9,14,0
400,korred,1,13,12,17.0,102,7.0,30,0,0,0,30,23,14,20,10,15,9,0
401,kraken,5,16,3,18.0,472,23.0,20,60,0,0,0,30,11,25,22,18,20,1
402,kraken-priest,2,1,10,10.0,75,5.0,30,30,0,0,0,12,10,16,10,15,14,0
403,kruthik-hive-lord,3,3,7,20.0,102,5.0,40,0,40,0,20,19,16,17,10,14,10,0
404,kuo-toa,2,48,4,13.0,18,0.25,30,30,0,0,0,13,10,11,11,10,8,0
405,kuo-toa-archpriest,2,48,4,13.0,97,6.0,30,30,0,0,0,16,14,16,13,16,14,0
406,kuo-toa-whip,2,48,4,11.0,65,1.0,30,30,0,0,0,14,10,14,12,14,11,0
407,laeral-silverhand,2,20,5,18.0,228,17.0,30,0,0,0,0,13,17,20,20,20,19,0
408,lamia,3,3,3,13.0,97,4.0,30,0,0,0,0,16,13,15,14,15,16,0
409,lemure,2,11,2,7.0,13,0.0,15,0,0,0,0,10,5,11,1,11,3,0
410,leucrotta,3,3,3,14.0,67,3.0,50,0,0,0,0,18,14,15,9,12,6,0
411,leviathan,5,7,8,17.0,328,20.0,40,120,0,0,0,30,24,30,2,18,17,0
412,lich,2,4,10,17.0,135,21.0,30,0,0,0,0,11,16,16,20,14,16,1
413,lion,3,10,7,12.0,26,1.0,50,0,0,0,0,17,15,13,3,12,8,0
414,lizard,0,10,7,10.0,2,0.0,20,0,20,0,0,2,11,10,1,8,3,0
415,lizard-king-queen,2,49,3,15.0,78,4.0,30,30,0,0,0,17,12,15,11,11,15,0
416,lizardfolk,2,49,8,15.0,22,0.5,30,30,0,0,0,15,10,13,7,12,7,0
417,lizardfolk-shaman,2,49,8,13.0,27,2.0,30,30,0,0,0,15,10,13,10,15,8,0
418,mage,2,1,1,12.0,40,6.0,30,0,0,0,0,9,14,11,17,12,11,0
419,magma-mephit,1,7,4,11.0,22,0.5,30,0,0,30,0,8,12,12,7,10,10,0
420,magmin,1,7,12,14.0,9,0.5,30,0,0,0,0,7,15,12,8,11,10,0
421,male-steeder,2,3,7,12.0,13,0.25,30,0,30,0,0,15,12,14,2,10,3,0
422,mammoth,4,10,7,13.0,126,6.0,40,0,0,0,0,24,9,21,3,11,6,0
423,manes,1,9,3,9.0,9,0.125,20,0,0,0,0,10,9,13,3,8,4,0
424,manshoon,2,20,2,19.0,126,13.0,30,0,0,0,0,10,14,12,23,15,16,0
425,manticore,3,3,2,14.0,68,3.0,30,0,0,50,0,17,16,17,7,12,8,0
426,mantrap,3,15,7,12.0,45,1.0,5,0,0,0,0,15,14,12,1,10,2,0
427,marid,3,7,12,17.0,229,11.0,30,90,0,60,0,22,12,26,18,17,18,0
428,marilith,3,9,3,18.0,189,16.0,40,0,0,0,0,18,20,20,18,16,20,0
429,martial-arts-adept,2,1,1,16.0,60,3.0,40,0,0,0,0,11,17,13,11,16,10,0
430,marut,3,50,9,22.0,432,25.0,40,0,0,30,0,28,12,26,19,15,18,0
431,master-of-souls,2,20,4,12.0,45,4.0,30,0,0,0,0,10,14,17,19,14,13,0
432,master-thief,2,1,1,16.0,84,5.0,30,0,0,0,0,11,18,14,11,11,12,0
433,mastiff,2,10,7,12.0,5,0.125,40,0,0,0,0,13,14,12,3,12,7,0
434,maurezhi,2,9,3,15.0,88,7.0,30,0,0,0,0,14,17,12,11,12,15,0
435,maw-demon,2,9,3,13.0,33,1.0,30,0,0,0,0,14,8,13,5,8,5,0
436,meazel,2,51,4,13.0,35,1.0,30,0,0,0,0,8,17,9,14,13,10,0
437,medusa,2,3,2,15.0,127,6.0,30,0,0,0,0,10,15,16,12,13,15,0
438,meenlock,1,13,4,15.0,31,2.0,30,0,0,0,0,7,15,12,11,10,8,0
439,merfolk,2,52,8,11.0,11,0.125,10,40,0,0,0,10,13,12,11,11,12,0
440,merregon,2,11,2,16.0,45,4.0,30,0,0,0,0,18,14,17,6,12,8,0
441,merrenoloth,2,14,4,13.0,40,3.0,30,40,0,0,0,8,17,10,17,14,11,0
442,merrow,3,3,3,13.0,45,2.0,10,40,0,0,0,18,10,15,8,10,9,0
443,mezzoloth,2,14,4,18.0,75,5.0,40,0,0,0,0,18,11,16,7,10,11,0
444,mimic,2,31,8,12.0,58,2.0,15,0,0,0,0,17,12,15,5,13,8,0
445,mind-flayer,2,2,2,15.0,71,7.0,30,0,0,0,0,11,12,12,19,17,17,0
446,mindwitness,3,2,2,15.0,75,5.0,0,0,0,20,0,10,14,14,15,15,10,0
447,minotaur,3,3,3,14.0,76,3.0,40,0,0,0,0,18,11,16,6,16,9,0
448,minotaur-skeleton,3,4,2,12.0,67,2.0,40,0,0,0,0,18,11,15,6,8,5,0
449,moloch,3,11,2,19.0,253,21.0,30,0,0,0,0,26,19,22,21,18,23,1
450,molydeus,4,9,3,19.0,216,21.0,40,0,0,0,0,28,22,25,21,24,24,0
451,monodrone,2,12,9,15.0,5,0.125,30,0,0,30,0,10,13,12,4,10,5,0
452,morkoth,2,2,3,17.0,130,11.0,25,50,0,0,0,14,14,14,20,15,13,0
453,mouth-of-grolantor,4,53,3,14.0,105,6.0,50,0,0,0,0,21,10,18,5,7,5,0
454,mud-mephit,1,7,4,11.0,27,0.25,20,20,0,20,0,8,12,12,9,11,7,0
455,mule,2,10,7,10.0,11,0.125,40,0,0,0,0,14,10,13,2,10,5,0
456,mummified-warrior,2,4,8,8.0,19,0.25,20,0,0,0,0,13,6,14,8,6,8,0
457,mummy,2,4,2,11.0,58,3.0,20,0,0,0,0,16,8,15,6,10,12,0
458,mummy-lord,2,4,2,17.0,97,15.0,20,0,0,0,0,18,10,17,11,18,16,1
459,myconid-adult,2,15,9,12.0,22,0.5,20,0,0,0,0,10,10,12,10,13,7,0
460,myconid-sovereign,3,15,9,13.0,60,2.0,30,0,0,0,0,12,10,14,13,15,10,0
461,myconid-sprout,1,15,9,10.0,7,0.0,10,0,0,0,0,8,10,10,8,11,5,0
462,nabassu,2,9,3,18.0,190,15.0,40,0,0,60,0,22,14,21,14,15,17,0
463,nagpa,2,54,4,19.0,187,17.0,30,0,0,0,0,9,15,12,23,18,21,0
464,nalfeshnee,3,9,3,18.0,184,13.0,20,0,0,30,0,21,10,22,19,12,15,0
465,narzugon,2,11,2,20.0,112,13.0,30,0,0,0,0,20,10,17,16,14,19,0
466,necromancer,2,1,1,12.0,66,9.0,30,0,0,0,0,9,14,12,17,12,11,0
467,necromite-of-myrkul,2,20,4,11.0,13,0.5,30,0,0,0,0,10,13,15,16,11,10,0
468,needle-blight,2,15,4,12.0,11,0.25,30,0,0,0,0,12,12,13,4,8,3,0
469,neogi,1,2,2,15.0,33,3.0,30,0,30,0,0,6,16,14,13,12,15,0
470,neogi-hatchling,0,2,2,11.0,7,0.125,20,0,20,0,0,3,13,10,6,10,9,0
471,neogi-master,2,2,2,15.0,71,4.0,30,0,30,0,0,6,16,14,16,12,18,0
472,neothelid,5,2,3,16.0,325,13.0,30,0,0,0,0,27,7,21,3,16,12,0
473,night-blade,2,20,3,12.0,11,0.25,40,0,0,0,0,11,15,12,10,11,14,0
474,night-hag,2,23,4,17.0,112,5.0,30,0,0,0,0,18,15,16,16,14,16,0
475,nightmare,3,23,4,13.0,68,3.0,60,0,0,90,0,18,15,16,10,13,15,0
476,nightwalker,4,4,3,14.0,297,20.0,40,0,0,40,0,22,19,24,6,9,8,0
477,nilbog,1,21,3,13.0,7,1.0,30,0,0,0,0,8,14,10,10,8,15,0
478,noble,2,1,1,15.0,9,0.125,30,0,0,0,0,11,12,11,12,14,16,0
479,nothic,2,2,4,15.0,45,2.0,30,0,0,0,0,14,16,16,13,10,8,0
480,nupperibo,2,11,2,13.0,11,0.5,20,0,0,0,0,16,11,13,3,8,1,0
481,nycaloth,3,14,4,18.0,123,9.0,40,0,0,60,0,20,11,19,12,10,15,0
482,oblex-spawn,0,6,2,13.0,18,0.25,20,0,0,0,0,8,16,15,14,11,10,0
483,ochre-jelly,3,6,7,8.0,45,2.0,10,0,10,0,0,15,6,14,2,6,1,0
484,octopus,1,10,7,12.0,3,0.0,5,30,0,0,0,4,15,11,3,10,4,0
485,ogre,3,24,3,11.0,59,2.0,40,0,0,0,0,19,8,16,5,7,7,0
486,ogre-battering-ram,3,24,3,14.0,59,4.0,40,0,0,0,0,19,8,16,5,7,7,0
487,ogre-bolt-launcher,3,24,3,13.0,59,2.0,40,0,0,0,0,19,12,16,5,7,7,0
488,ogre-chain-brute,3,24,3,11.0,59,3.0,40,0,0,0,0,19,8,16,5,7,7,0
489,ogre-howdah,3,24,3,13.0,59,2.0,40,0,0,0,0,19,8,16,5,7,7,0
490,ogre-zombie,3,4,4,8.0,85,2.0,30,0,0,0,0,19,6,18,3,6,5,0
491,ogremoch,5,7,4,20.0,526,20.0,50,0,0,0,50,26,11,28,11,15,22,0
492,oinoloth,2,14,4,17.0,126,12.0,40,0,0,0,0,19,17,18,17,16,19,0
493,olhydra,4,7,4,18.0,324,18.0,50,100,0,0,0,21,22,24,17,18,23,0
494,oni,3,24,2,16.0,110,7.0,30,0,0,30,0,19,11,16,14,12,15,0
495,orc,2,55,3,13.0,15,0.5,30,0,0,0,0,16,12,16,7,11,10,0
496,orc-blade-of-ilneval,2,55,3,18.0,60,4.0,30,0,0,0,0,17,11,17,10,12,14,0
497,orc-claw-of-luthic,2,55,3,14.0,45,2.0,30,0,0,0,0,14,15,16,10,15,11,0
498,orc-eye-of-gruumsh,2,55,3,16.0,45,2.0,30,0,0,0,0,16,12,16,9,13,12,0
499,orc-hand-of-yurtrus,2,55,3,12.0,30,2.0,30,0,0,0,0,12,11,16,11,14,9,0
500,orc-red-fang-of-shargaas,2,55,3,15.0,52,3.0,30,0,0,0,0,11,16,15,9,11,9,0
501,orc-war-chief,2,55,3,16.0,93,4.0,30,0,0,0,0,18,12,18,11,11,16,0
502,orcus,4,9,3,17.0,405,26.0,40,0,0,40,0,27,14,25,20,20,25,1
503,orog,2,55,3,18.0,42,2.0,30,0,0,0,0,18,12,18,12,11,12,0
504,orthon,3,11,2,17.0,105,10.0,30,0,30,0,0,22,16,21,15,15,16,0
505,otyugh,3,2,8,14.0,114,5.0,30,0,0,0,0,16,11,19,6,13,6,0
506,owl,0,10,7,11.0,1,0.0,5,0,0,60,0,3,13,8,2,12,7,0
507,owlbear,3,3,7,13.0,59,3.0,40,0,0,0,0,20,12,17,3,12,7,0
508,panther,2,10,7,12.0,13,0.25,50,0,40,0,0,14,15,10,3,14,7,0
509,pegasus,3,26,5,12.0,59,2.0,60,0,0,90,0,18,15,16,10,15,13,0
510,pentadrone,3,12,9,16.0,32,2.0,40,0,0,0,0,15,14,12,10,10,13,0
511,peryton,2,3,3,13.0,33,2.0,20,0,0,60,0,16,12,13,9,12,10,0
512,phase-spider,3,3,7,13.0,32,3.0,30,0,30,0,0,15,15,12,6,10,6,0
513,phoenix,5,7,8,18.0,175,16.0,20,0,0,120,0,19,26,25,2,21,18,0
514,piercer,2,3,7,15.0,22,0.5,5,0,5,0,0,10,13,16,1,7,3,0
515,pit-fiend,3,11,2,19.0,300,20.0,30,0,0,60,0,26,14,24,22,18,24,0
516,pixie,0,13,0,15.0,1,0.25,10,0,0,30,0,2,20,8,10,14,15,0
517,planetar,3,26,6,19.0,200,16.0,40,0,0,120,0,24,20,24,19,22,25,0
518,plesiosaurus,3,10,7,13.0,68,2.0,20,40,0,0,0,18,15,16,2,12,5,0
519,poisonous-snake,0,10,7,13.0,2,0.125,30,30,0,0,0,2,16,11,1,10,3,0
520,polar-bear,3,10,7,12.0,42,2.0,40,30,0,0,0,20,10,16,2,13,7,0
521,pony,2,10,7,10.0,11,0.125,40,0,0,0,0,15,10,13,2,11,7,0
522,priest,2,1,1,13.0,27,2.0,30,0,0,0,0,10,10,12,13,16,13,0
523,pseudodragon,0,5,0,13.0,7,0.25,15,0,0,60,0,6,15,13,10,12,10,0
524,pterafolk,3,3,4,12.0,26,1.0,30,0,0,50,0,15,13,12,9,10,11,0
525,pteranodon,2,10,7,13.0,13,0.25,10,0,0,60,0,12,15,10,2,9,5,0
526,purple-worm,5,3,7,18.0,247,15.0,50,0,0,0,30,28,7,22,1,8,4,0
527,purple-wormling,3,3,7,12.0,42,2.0,20,0,0,0,0,16,7,16,1,6,2,0
528,quadrone,2,12,9,16.0,22,1.0,30,0,0,30,0,12,14,12,10,10,11,0
529,quaggoth,2,56,12,13.0,45,2.0,30,0,30,0,0,17,12,16,6,12,7,0
530,quaggoth-spore-servant,2,15,7,13.0,45,1.0,20,0,20,0,0,17,12,16,2,6,1,0
531,quasit,0,42,3,13.0,7,1.0,40,0,0,0,0,5,17,10,7,10,10,0
532,quetzalcoatlus,4,10,7,13.0,30,2.0,10,0,0,80,0,15,13,13,2,10,5,0
533,quickling,0,13,3,16.0,10,1.0,120,0,0,0,0,4,23,13,10,12,7,0
534,quipper,0,10,7,13.0,1,0.0,0,40,0,0,0,2,16,9,1,7,2,0
535,rakshasa,2,23,2,16.0,110,13.0,40,0,0,0,0,14,17,18,13,16,20,0
536,rat,0,10,7,10.0,1,0.0,20,0,0,0,0,2,11,9,2,10,4,0
537,raven,0,10,7,12.0,1,0.0,10,0,0,50,0,2,14,8,2,12,6,0
538,reaper-of-bhaal,2,20,3,15.0,27,2.0,40,0,0,0,0,11,20,13,15,12,16,0
539,red-abishai,2,11,2,22.0,255,19.0,30,0,0,50,0,23,16,19,14,15,19,0
540,red-dragon-wyrmling,2,5,3,17.0,75,4.0,30,0,30,60,0,19,10,17,12,11,15,0
541,red-slaad,3,2,12,14.0,93,5.0,30,0,0,0,0,16,12,16,6,6,7,0
542,redcap,1,13,3,13.0,45,3.0,25,0,0,0,0,18,13,18,10,12,9,0
543,reef-manta-ray,3,10,7,12.0,16,0.5,0,40,0,0,0,13,12,12,1,12,4,0
544,reef-shark,2,10,7,12.0,22,0.5,0,40,0,0,0,14,13,13,1,10,4,0
545,remorhaz,4,3,7,17.0,195,11.0,30,0,0,0,20,24,13,21,4,10,5,0
546,retriever,3,12,2,19.0,210,14.0,40,0,40,0,0,22,16,20,3,11,4,0
547,revenant,2,4,8,13.0,136,5.0,30,0,0,0,0,18,14,18,13,16,18,0
548,rhinoceros,3,10,7,11.0,45,2.0,40,0,0,0,0,21,8,15,2,12,6,0
549,riding-horse,3,10,7,10.0,13,0.25,60,0,0,0,0,16,10,12,2,11,7,0
550,roc,5,3,7,15.0,248,11.0,20,0,0,120,0,28,10,20,3,10,9,0
551,roper,3,3,4,20.0,93,5.0,10,0,10,0,0,18,8,17,7,16,6,0
552,rot-troll,3,24,3,16.0,138,9.0,30,0,0,0,0,18,13,22,5,8,4,0
553,rug-of-smothering,3,12,7,12.0,33,2.0,10,0,0,0,0,17,14,10,1,3,1,0
554,rust-monster,2,3,7,14.0,27,0.5,40,0,0,0,0,13,12,13,2,13,6,0
555,rutterkin,2,9,3,12.0,37,2.0,20,0,0,0,0,14,15,17,5,12,6,0
556,saber-toothed-tiger,3,10,7,12.0,52,2.0,40,0,0,0,0,18,14,15,3,12,8,0
557,sahuagin,2,57,2,12.0,22,0.5,30,40,0,0,0,13,11,12,12,13,9,0
558,sahuagin-baron,3,57,2,16.0,76,5.0,30,50,0,0,0,19,15,16,14,13,17,0
559,sahuagin-priestess,2,57,2,12.0,33,2.0,30,40,0,0,0,13,11,12,12,14,13,0
560,salamander,3,7,4,15.0,90,5.0,30,0,0,0,0,18,14,15,11,10,12,0
561,satyr,2,13,12,14.0,31,0.5,40,0,0,0,0,12,16,11,12,10,14,0
562,scarecrow,2,12,3,11.0,36,1.0,30,0,0,0,0,11,13,11,10,10,13,0
563,scorpion,0,10,7,11.0,1,0.0,10,0,0,0,0,2,11,8,1,8,2,0
564,scout,2,1,1,13.0,16,0.5,30,0,0,0,0,11,14,12,11,13,11,0
565,sea-hag,2,13,3,14.0,52,2.0,30,40,0,0,0,16,13,16,12,12,13,0
566,sea-horse,0,10,7,11.0,1,0.0,0,20,0,0,0,1,12,8,1,10,2,0
567,sea-spawn,2,39,4,11.0,32,1.0,20,30,0,0,0,15,8,15,6,10,8,0
568,shadow,2,4,3,12.0,16,0.5,40,0,0,0,0,6,14,13,6,10,8,0
569,shadow-dancer,2,33,8,15.0,71,7.0,30,0,0,0,0,12,16,13,11,12,12,0
570,shadow-demon,2,9,3,13.0,66,4.0,30,0,0,30,0,1,17,12,14,13,14,0
571,shadow-mastiff,2,3,4,12.0,33,2.0,40,0,0,0,0,16,14,13,5,12,5,0
572,shambling-mound,3,15,7,15.0,136,5.0,20,20,0,0,0,18,8,16,5,10,5,0
573,shield-guardian,3,12,7,17.0,142,7.0,30,0,0,0,0,18,8,18,7,10,3,0
574,shoosuva,3,9,3,14.0,110,8.0,40,0,0,0,0,18,13,17,7,14,9,0
575,shrieker,2,15,7,5.0,13,0.0,0,0,0,0,0,1,1,10,1,3,1,0
576,sibriex,4,9,3,19.0,150,18.0,0,0,0,20,0,10,3,23,25,24,25,1
577,silver-dragon-wyrmling,2,5,6,17.0,45,2.0,30,0,0,60,0,19,10,17,12,11,15,0
578,skeleton,2,4,2,13.0,13,0.25,30,0,0,0,0,10,14,15,6,8,5,0
579,skulk,2,39,12,14.0,18,0.5,30,0,0,0,0,6,19,10,10,7,1,0
580,skull-lasher-of-myrkul,2,20,4,12.0,32,1.0,30,0,0,0,0,10,14,15,16,13,10,0
581,skull-lord,2,4,2,18.0,105,15.0,30,0,0,0,0,14,16,17,16,15,21,0
582,slaad-tadpole,0,2,12,12.0,10,0.125,30,0,0,0,0,7,15,10,3,5,3,0
583,slithering-tracker,2,6,3,14.0,32,3.0,30,30,30,0,0,16,19,15,10,14,11,0
584,smoke-mephit,1,7,4,12.0,22,0.25,30,0,0,30,0,6,14,12,10,10,11,0
585,solar,3,26,6,21.0,243,21.0,50,0,0,150,0,26,22,26,25,25,30,1
586,soul-monger,2,33,8,15.0,123,11.0,30,0,0,0,0,8,17,14,19,15,13,0
587,spawn-of-kyuss,2,4,3,10.0,76,5.0,30,0,0,0,0,16,11,18,5,7,3,0
588,spectator,2,2,9,14.0,39,3.0,0,0,0,30,0,8,14,14,13,14,11,0
589,specter,2,4,3,12.0,22,1.0,0,0,0,50,0,1,14,11,10,10,11,0
590,spellcaster-healer-lvl-1,2,1,1,12.0,9,0.0,30,0,0,0,0,10,12,10,15,14,13,0
591,spellcaster-healer-lvl-2,2,1,1,12.0,13,0.0,30,0,0,0,0,10,12,10,15,14,13,0
592,spellcaster-healer-lvl-3,2,1,1,12.0,18,0.0,30,0,0,0,0,10,12,10,15,14,13,0
593,spellcaster-healer-lvl-4,2,1,1,12.0,22,0.0,30,0,0,0,0,10,12,10,15,16,13,0
594,spellcaster-healer-lvl-5,2,1,1,12.0,27,0.0,30,0,0,0,0,10,12,10,15,16,13,0
595,spellcaster-healer-lvl-6,2,1,1,12.0,31,0.0,30,0,0,0,0,10,12,10,15,16,13,0
596,spellcaster-mage-lvl-1,2,1,1,12.0,9,0.0,30,0,0,0,0,10,12,10,15,14,13,0
597,spellcaster-mage-lvl-2,2,1,1,12.0,13,0.0,30,0,0,0,0,10,12,10,15,14,13,0
598,spellcaster-mage-lvl-3,2,1,1,12.0,18,0.0,30,0,0,0,0,10,12,10,15,14,13,0
599,spellcaster-mage-lvl-4,2,1,1,12.0,22,0.0,30,0,0,0,0,10,12,10,17,14,13,0
600,spellcaster-mage-lvl-5,2,1,1,12.0,27,0.0,30,0,0,0,0,10,12,10,17,14,13,0
601,spellcaster-mage-lvl-6,2,1,1,12.0,31,0.0,30,0,0,0,0,10,12,10,17,14,13,0
602,spider,0,10,7,12.0,1,0.0,20,0,20,0,0,2,14,8,1,10,2,0
603,spined-devil,1,11,2,13.0,22,2.0,20,0,0,40,0,10,15,12,11,14,8,0
604,spirit-naga,3,3,3,15.0,75,8.0,40,0,0,0,0,18,17,14,16,15,16,0
605,spirit-troll,3,24,3,17.0,97,11.0,30,0,0,0,0,1,17,13,8,9,16,0
606,spring-eladrin,2,18,12,19.0,127,10.0,30,0,0,0,0,14,16,16,18,11,18,0
607,sprite,0,13,0,15.0,2,0.25,10,0,0,40,0,3,18,10,14,13,11,0
608,spy,2,1,1,12.0,27,1.0,30,0,0,0,0,10,15,10,12,14,16,0
609,star-spawn-grue,1,2,4,11.0,17,0.25,30,0,0,0,0,6,13,10,9,11,6,0
610,star-spawn-hulk,3,2,3,16.0,136,10.0,30,0,0,0,0,20,8,21,7,12,9,0
611,star-spawn-larva-mage,2,2,3,16.0,168,16.0,30,0,0,0,0,17,12,23,18,12,16,0
612,star-spawn-mangler,2,2,3,14.0,71,5.0,40,0,40,0,0,8,18,12,11,12,7,0
613,star-spawn-seer,2,2,4,17.0,153,13.0,30,0,0,0,0,14,12,18,22,19,16,0
614,steam-mephit,1,7,4,10.0,21,0.25,30,0,0,30,0,5,11,10,11,10,12,0
615,steel-predator,3,12,2,20.0,207,16.0,40,0,0,0,0,24,17,22,4,14,6,0
616,stegosaurus,4,10,7,13.0,76,4.0,40,0,0,0,0,20,9,17,2,11,5,0
617,stirge,0,10,7,14.0,2,0.125,10,0,0,40,0,4,16,11,2,8,6,0
618,stone-cursed,2,12,2,17.0,19,1.0,10,0,0,0,0,16,5,14,5,8,7,0
619,stone-giant,4,24,8,17.0,126,7.0,40,0,0,0,0,23,15,20,10,12,9,0
620,stone-giant-dreamwalker,4,58,12,18.0,161,10.0,40,0,0,0,0,23,14,21,10,8,12,0
621,stone-golem,3,12,7,17.0,178,10.0,30,0,0,0,0,22,9,20,3,11,1,0
622,stone-juggernaut,3,12,7,15.0,157,12.0,50,0,0,0,0,22,1,21,2,11,3,0
623,storm-giant,4,24,5,16.0,230,13.0,50,50,0,0,0,29,14,20,16,18,18,0
624,storm-giant-quintessent,4,59,5,12.0,230,16.0,50,50,0,50,0,29,14,20,17,20,19,0
625,strahd-von-zarovich,2,60,2,16.0,144,15.0,30,0,0,0,0,18,18,18,20,15,18,0
626,su-monster,2,3,3,12.0,27,1.0,30,0,30,0,0,14,15,12,9,13,9,0
627,succubus,2,19,4,15.0,66,4.0,30,0,0,60,0,8,17,13,15,12,20,0
628,summer-eladrin,2,18,12,19.0,127,10.0,50,0,0,0,0,19,21,16,14,12,18,0
629,swarm-of-bats,2,61,7,12.0,22,0.25,0,0,0,30,0,5,15,10,2,12,4,0
630,swarm-of-cranium-rats,2,61,2,12.0,36,5.0,30,0,0,0,0,9,14,10,15,11,14,0
631,swarm-of-insects,2,61,7,12.0,22,0.5,20,0,20,0,0,3,13,10,1,7,1,0
632,swarm-of-poisonous-snakes,2,61,7,14.0,36,2.0,30,30,0,0,0,8,18,11,1,10,3,0
633,swarm-of-quippers,2,61,7,13.0,28,1.0,0,40,0,0,0,13,16,9,1,7,2,0
634,swarm-of-rats,2,61,7,10.0,24,0.25,30,0,0,0,0,9,11,9,2,10,3,0
635,swarm-of-ravens,2,61,7,12.0,24,0.25,10,0,0,50,0,6,14,8,3,12,6,0
636,swarm-of-rot-grubs,2,61,7,8.0,22,0.5,5,0,5,0,0,2,7,10,1,2,1,0
637,swashbuckler,2,1,13,17.0,66,3.0,30,0,0,0,0,12,18,12,14,11,15,0
638,sword-wraith-commander,2,4,2,18.0,127,8.0,30,0,0,0,0,18,14,18,11,12,14,0
639,sword-wraith-warrior,2,4,2,16.0,45,3.0,30,0,0,0,0,18,12,17,6,9,10,0
640,tabaxi-hunter,2,62,5,14.0,40,1.0,30,0,20,0,0,10,17,11,13,14,15,0
641,tabaxi-minstrel,2,62,5,12.0,22,0.25,30,0,20,0,0,10,15,11,14,12,16,0
642,tanarukk,2,63,3,14.0,95,5.0,30,0,0,0,0,18,13,20,9,9,9,0
643,tarrasque,5,16,7,25.0,676,30.0,40,0,0,0,0,30,11,30,3,11,11,1
644,the-angry,2,3,4,18.0,255,13.0,30,0,0,0,0,17,10,19,8,13,6,0
645,the-hungry,2,3,4,17.0,225,11.0,30,0,0,0,0,19,10,17,6,11,6,0
646,the-lonely,2,3,4,16.0,112,9.0,30,0,0,0,0,16,12,17,6,11,6,0
647,the-lost,2,3,4,15.0,78,7.0,30,0,0,0,0,17,12,15,6,7,5,0
648,the-wretched,1,3,4,15.0,10,0.25,40,0,0,0,0,7,12,9,5,6,5,0
649,thorny,2,15,8,14.0,27,1.0,30,0,0,0,0,13,12,13,2,10,6,0
650,thri-kreen,2,64,12,15.0,33,1.0,40,0,0,0,0,12,15,13,8,12,7,0
651,thug,2,1,11,11.0,32,0.5,30,0,0,0,0,15,11,14,10,10,11,0
652,tiamat,5,23,3,25.0,615,30.0,60,0,0,120,0,30,10,30,26,26,28,0
653,tiger,3,10,7,12.0,37,1.0,40,0,0,0,0,17,15,14,3,12,8,0
654,titivilus,2,11,2,20.0,127,16.0,40,0,0,60,0,19,22,17,24,22,26,0
655,tlincalli,3,3,4,15.0,85,5.0,40,0,0,0,0,16,13,16,8,12,8,0
656,tortle,2,65,6,17.0,22,0.25,30,0,0,0,0,15,10,12,11,13,12,0
657,tortle-druid,2,65,9,17.0,33,2.0,30,0,0,0,0,14,10,12,11,15,12,0
658,transmuter,2,1,1,12.0,40,5.0,30,0,0,0,0,9,14,11,17,12,11,0
659,trapper,3,3,7,13.0,85,3.0,10,0,10,0,0,17,10,17,2,13,4,0
660,treant,4,15,5,16.0,138,9.0,30,0,0,0,0,23,8,21,12,16,12,0
661,tri-flower-frond,2,15,7,10.0,11,0.5,5,0,0,0,0,1,10,12,1,10,1,0
662,tribal-warrior,2,1,1,12.0,11,0.125,30,0,0,0,0,13,11,12,8,11,8,0
663,triceratops,4,10,7,13.0,95,5.0,50,0,0,0,0,22,9,17,2,11,5,0
664,tridrone,2,12,9,15.0,16,0.5,30,0,0,0,0,12,13,12,9,10,9,0
665,troglodyte,2,66,3,11.0,13,0.25,30,0,0,0,0,14,10,14,6,10,6,0
666,troll,3,24,3,15.0,84,5.0,30,0,0,0,0,18,13,20,7,9,7,0
667,twig-blight,1,15,4,13.0,4,0.125,20,0,0,0,0,6,13,12,4,8,3,0
668,tyrannosaurus-rex,4,10,7,13.0,136,8.0,50,0,0,0,0,25,10,19,2,12,9,0
669,ulitharid,3,2,2,15.0,127,9.0,30,0,0,0,0,15,12,15,21,19,21,0
670,ultroloth,2,14,4,19.0,153,13.0,30,0,0,60,0,16,16,18,18,15,19,0
671,umber-hulk,3,3,3,18.0,93,5.0,30,0,0,0,20,20,13,16,9,10,10,0
672,unicorn,3,26,6,12.0,67,5.0,50,0,0,0,0,18,14,15,11,17,16,1
673,uthgardt-shaman,2,20,4,13.0,38,2.0,30,0,0,0,0,14,12,13,10,15,12,0
674,vajra-safahr,2,20,9,14.0,126,13.0,30,0,0,0,0,10,14,12,20,11,16,0
675,vampire,2,60,2,16.0,144,13.0,30,0,0,0,0,18,18,18,17,15,18,1
676,vampire-spawn,2,4,4,15.0,82,5.0,30,0,0,0,0,16,16,16,11,10,12,0
677,vampiric-mist,2,4,3,13.0,30,3.0,0,0,0,30,0,6,16,16,6,12,7,0
678,vargouille,0,23,3,12.0,13,1.0,5,0,0,40,0,6,14,14,4,7,2,0
679,vegepygmy,1,15,8,13.0,9,0.25,30,0,0,0,0,7,14,13,6,11,7,0
680,vegepygmy-chief,1,15,8,14.0,33,2.0,30,0,0,0,0,14,14,14,7,12,9,0
681,velociraptor,0,10,7,13.0,10,0.25,30,0,0,0,0,6,14,13,4,12,6,0
682,venerable-shadow,2,4,3,13.0,27,2.0,40,0,0,0,0,6,16,13,6,12,10,0
683,venom-troll,3,24,3,15.0,94,7.0,30,0,0,0,0,18,13,20,7,9,7,0
684,veteran,2,1,1,17.0,58,3.0,30,0,0,0,0,16,13,14,10,11,10,0
685,vine-blight,2,15,4,12.0,26,0.5,10,0,0,0,0,15,8,14,5,10,3,0
686,violet-fungus,2,15,7,5.0,18,0.25,5,0,0,0,0,3,1,10,1,3,1,0
687,vrock,3,9,3,15.0,104,6.0,40,0,0,60,0,17,15,18,8,13,8,0
688,vulture,2,10,7,10.0,5,0.0,10,0,0,50,0,7,10,13,2,12,4,0
689,war-priest,2,1,1,18.0,117,9.0,30,0,0,0,0,16,10,14,11,17,13,0
690,warhorse,3,10,7,11.0,19,0.5,60,0,0,0,0,18,12,13,2,12,7,0
691,warhorse-skeleton,3,4,2,13.0,22,0.5,60,0,0,0,0,18,12,15,2,8,5,0
692,warlock-of-the-archfey,2,1,1,11.0,49,4.0,30,0,0,0,0,9,13,11,11,12,18,0
693,warlock-of-the-fiend,2,1,1,12.0,78,7.0,30,0,0,0,0,10,14,15,12,12,18,0
694,warlock-of-the-great-old-one,2,1,1,12.0,91,6.0,30,0,0,0,0,9,14,15,12,12,18,0
695,warlord,2,1,1,18.0,229,12.0,30,0,0,0,0,20,16,18,12,12,18,1
696,warrior-lvl-1,2,1,1,16.0,13,0.0,30,0,0,0,0,15,13,14,10,12,10,0
697,warrior-lvl-2,2,1,1,16.0,19,0.0,30,0,0,0,0,15,13,14,10,12,10,0
698,warrior-lvl-3,2,1,1,16.0,26,0.0,30,0,0,0,0,15,13,14,10,12,10,0
699,warrior-lvl-4,2,1,1,16.0,32,0.0,30,0,0,0,0,17,13,14,10,12,10,0
700,warrior-lvl-5,2,1,1,16.0,39,0.0,30,0,0,0,0,17,13,14,10,12,10,0
701,warrior-lvl-6,2,1,1,16.0,45,0.0,30,0,0,0,0,17,13,14,10,12,10,0
702,wastrilith,3,9,3,18.0,157,13.0,30,80,0,0,0,19,18,21,19,12,14,0
703,water-elemental,3,7,8,14.0,114,5.0,30,90,0,0,0,18,14,18,5,10,8,0
704,water-elemental-myrmidon,2,7,8,18.0,127,7.0,40,40,0,0,0,18,14,15,8,10,10,0
705,water-weird,3,7,8,13.0,58,3.0,0,60,0,0,0,17,16,13,11,10,10,0
706,weasel,0,10,7,13.0,1,0.0,30,0,0,0,0,3,16,8,2,12,3,0
707,werebear,2,67,0,10.0,135,5.0,30,0,30,0,0,19,10,17,11,12,12,0
708,wereboar,2,67,4,10.0,78,4.0,30,0,0,0,0,17,10,15,10,11,8,0
709,wererat,2,67,2,12.0,33,2.0,30,0,0,0,0,10,15,12,11,10,8,0
710,weretiger,2,67,8,12.0,120,4.0,30,0,0,0,0,17,15,16,10,13,11,0
711,werewolf,2,67,3,11.0,58,3.0,30,0,0,0,0,15,13,14,10,11,10,0
712,white-abishai,2,11,2,15.0,68,6.0,30,0,0,40,0,16,11,18,11,12,13,0
713,white-dragon-wyrmling,2,5,3,16.0,32,2.0,30,30,0,60,15,14,10,14,5,10,11,0
714,wight,2,4,4,14.0,45,3.0,30,0,0,0,0,15,14,16,10,13,15,0
715,wild-dog,2,10,7,12.0,5,0.125,40,0,0,0,0,13,14,12,3,12,7,0
716,wild-dog-alpha,3,10,7,12.0,26,1.0,50,0,0,0,0,17,15,13,3,12,8,0
717,will-o--wisp,0,4,3,19.0,22,2.0,0,0,0,50,0,1,28,10,13,14,11,0
718,winged-kobold,1,47,2,13.0,7,0.25,30,0,0,30,0,7,16,9,8,7,8,0
719,winter-eladrin,2,18,12,19.0,127,10.0,30,0,0,0,0,11,10,16,18,17,13,0
720,winter-wolf,3,3,4,13.0,75,3.0,50,0,0,0,0,18,13,14,7,12,8,0
721,wolf,2,10,7,13.0,11,0.25,40,0,0,0,0,12,15,12,3,12,6,0
722,wood-woad,2,15,9,18.0,75,5.0,30,0,30,0,0,18,12,16,10,13,8,0
723,worg,3,3,4,13.0,26,0.5,50,0,0,0,0,16,13,13,7,11,8,0
724,wraith,2,4,4,13.0,67,5.0,0,0,0,60,0,6,16,16,12,14,15,0
725,wyvern,3,5,7,13.0,110,6.0,20,0,0,80,0,19,10,16,5,12,6,0
726,xorn,2,7,8,19.0,73,5.0,20,0,0,0,20,17,10,22,11,10,11,0
727,xvart,1,68,3,13.0,7,0.125,30,0,0,0,0,8,14,10,8,7,7,0
728,xvart-warlock-of-raxivort,1,68,3,12.0,22,1.0,30,0,0,0,0,8,14,12,8,11,12,0
729,yagnoloth,3,14,4,17.0,147,11.0,40,0,0,0,0,19,14,21,16,15,18,0
730,yan-c-bin,4,7,4,22.0,283,18.0,50,0,0,150,0,18,24,24,16,21,23,0
731,yeenoghu,4,9,3,20.0,333,24.0,50,0,0,0,0,29,16,23,15,24,15,0
732,yellow-musk-creeper,2,15,7,6.0,60,2.0,5,0,5,0,0,12,3,12,1,10,3,0
733,yellow-musk-zombie,2,4,7,9.0,33,0.25,20,0,0,0,0,13,9,12,1,6,3,0
734,yeth-hound,3,13,4,14.0,51,4.0,40,0,0,40,0,18,17,16,5,12,7,0
735,yeti,3,3,3,12.0,51,3.0,40,0,40,0,0,18,13,16,8,12,7,0
736,yochlol,2,42,3,15.0,136,10.0,30,0,30,0,0,15,14,18,13,15,15,0
737,young-black-dragon,3,5,3,18.0,127,7.0,40,40,0,80,0,19,14,17,12,11,15,0
738,young-blue-dragon,3,5,2,18.0,152,9.0,40,0,0,80,20,21,10,19,14,13,17,0
739,young-brass-dragon,3,5,5,17.0,110,6.0,40,0,0,80,20,19,10,17,12,11,15,0
740,young-bronze-dragon,3,5,6,18.0,142,8.0,40,40,0,80,0,21,10,19,14,13,17,0
741,young-copper-dragon,3,5,5,17.0,119,7.0,40,0,40,80,0,19,12,17,16,13,15,0
742,young-gold-dragon,3,5,6,18.0,178,10.0,40,40,0,80,0,23,14,21,16,13,20,0
743,young-green-dragon,3,5,2,18.0,136,8.0,40,40,0,80,0,19,12,17,16,13,15,0
744,young-kruthik,1,3,7,16.0,9,0.125,30,0,30,0,10,13,16,13,4,10,6,0
745,young-red-dragon,3,5,3,18.0,178,10.0,40,0,40,80,0,23,10,21,14,11,19,0
746,young-red-shadow-dragon,3,5,3,18.0,178,13.0,40,0,40,80,0,23,10,21,14,11,19,0
747,young-remorhaz,3,3,7,14.0,93,5.0,30,0,0,0,20,18,13,17,3,10,4,0
748,young-silver-dragon,3,5,6,18.0,168,9.0,40,0,0,80,0,23,10,21,14,11,19,0
749,young-white-dragon,3,5,3,17.0,133,6.0,40,40,0,80,20,18,10,18,6,11,12,0
750,yuan-ti-abomination,3,69,4,15.0,127,7.0,40,0,0,0,0,19,16,17,17,15,18,0
751,yuan-ti-anathema,4,69,4,16.0,189,12.0,40,30,30,0,0,23,13,19,19,17,20,0
752,yuan-ti-broodguard,2,70,4,14.0,45,2.0,30,0,0,0,0,15,14,14,6,11,4,0
753,yuan-ti-malison,2,69,4,12.0,66,3.0,30,0,0,0,0,16,14,13,14,12,16,0
754,yuan-ti-mind-whisperer,2,69,4,14.0,71,4.0,30,0,0,0,0,16,14,13,14,14,16,0
755,yuan-ti-nightmare-speaker,2,69,4,14.0,71,4.0,30,0,0,0,0,16,14,13,14,12,16,0
756,yuan-ti-pit-master,2,69,4,14.0,88,5.0,30,0,0,0,0,16,14,13,14,12,16,0
757,yuan-ti-pureblood,2,70,4,11.0,40,1.0,30,0,0,0,0,11,12,11,13,12,14,0
758,zaratan,5,7,8,21.0,307,22.0,40,40,0,0,0,30,10,30,2,21,18,0
759,zariel,3,11,2,21.0,580,26.0,50,0,0,150,0,27,24,28,26,27,30,1
760,zombie,2,4,4,8.0,22,0.25,20,0,0,0,0,13,6,16,3,6,5,0
761,zuggtmoy,3,9,3,18.0,304,23.0,30,0,0,0,0,22,15,18,20,19,24,0
